# name	polygon	N_targets	source	waypoints (x,y in the .dat frame, y-up; literal text as in the Java source)
PP	12	100	ProjectPanel.java, active ('polygon 12'); runs getGaps+oracle(100)+equations+BG+bounds	90,450 580,450 580,840 520,840
PP2	1	100	ProjectPanel2.java, active (polygon 1); runs getGaps+NSE	930,886 913,700 746,583 75,565 136,215 375,69 788,27 905,95
PP3	5	100	ProjectPanel3.java, active ('polygon 5'); runs getGaps+NSE	946,501 723,591 670,511 596,643 606,930 580,919 588,672 250,611 266,535 115,433 93,358 245,286 98,288 93,123
PP4	14	1000000	ProjectPanel4.java, active (drawing only; panel never calls getGaps)	89.29,625.00 178.57,517.86 330.36,446.43 375.00,357.14 178.57,321.43 107.14,241.07 133.93,142.86 196.43,285.71 392.86,321.43 455.36,151.79 598.21,133.93 660.71,187.50 616.07,196.43 526.79,169.64 455.36,383.93 580.36,366.07 544.64,437.50 383.93,437.50 437.50,625.00 633.93,714.29 678.57,687.50
PP5	14	1000000	ProjectPanel5.java, active; runs getGaps+oracle(1000000)+equations+BG+bounds	89.29,625.00 178.57,517.86 330.36,446.43 375.00,357.14 178.57,321.43 107.14,241.07 133.93,142.86 196.43,285.71 392.86,321.43 455.36,151.79 598.21,133.93 660.71,187.50 616.07,196.43 526.79,169.64 455.36,383.93 580.36,366.07 544.64,437.50 383.93,437.50 437.50,625.00 633.93,712.29 688.57,657.50
c_stub	1	100	commented '// polygon 1' block in ProjectPanel/2/3	886,281 886,48 556,36
c_first	13	100	commented '// polygon 13' block in ProjectPanel.java, first piece only (= T-RO Fig. 15a path)	195,620 195,510 620,510 620,660 760,660 760,470 590,470 590,440 460,440
c_second	13	100	commented '// polygon 13' block incl. '// Second piece of the path' (leaves 13.dat)	195,620 195,510 620,510 620,660 760,660 760,470 590,470 590,440 460,440 69,418 60,575 356,620
c_tail	13	100	as c_second plus the doubly-commented tail (490,858),(675,876)	195,620 195,510 620,510 620,660 760,660 760,470 590,470 590,440 460,440 69,418 60,575 356,620 490,858 675,876
c_stub	5	100	commented '// polygon 5' block in ProjectPanel/2 (sub-path of PP3)	580,919 588,672 250,611
c_long	1	100	commented long polygon-1 path in ProjectPanel/2/3	930,886 913,700 746,583 471,580 469,780 665,860 650,965 415,786 295,568 75,565 136,215 375,69 788,27 905,95
fig_ICRA08-Fig2a	12	100	digitised from paper figure ICRA08-Fig2a (ydown figure; coordinates in .dat frame); see docs/notes/original_maps.md	79.8,467.2 611.8,466.9 612.8,926.8
fig_ICRA08-Fig3a	12	100	digitised from paper figure ICRA08-Fig3a (ydown figure; coordinates in .dat frame); see docs/notes/original_maps.md	114.8,467.5 612.0,467.1 612.6,926.2
fig_TRO-Fig11a	12	100	digitised from paper figure TRO-Fig11a (ydown figure; coordinates in .dat frame); see docs/notes/original_maps.md	86.3,464.5 612.1,464.5 607.9,933.0
fig_ICRA08-Fig8a	13	100	digitised from paper figure ICRA08-Fig8a (yup figure; coordinates in .dat frame); see docs/notes/original_maps.md	196.9,614.2 196.6,508.4 615.4,508.5 614.8,642.0 757.5,642.3 757.5,473.1 578.5,473.3 579.9,419.1 448.7,420.0
fig_TRO-Fig15a	13	100	digitised from paper figure TRO-Fig15a (yup figure; coordinates in .dat frame); see docs/notes/original_maps.md	196.7,610.8 196.0,507.7 617.6,507.9 616.9,642.2 757.4,642.8 758.2,473.5 580.1,473.4 579.8,418.7 457.2,420.5
fig_ICRA08-Fig8b	14	1000000	digitised from paper figure ICRA08-Fig8b (ydown figure; coordinates in .dat frame); see docs/notes/original_maps.md	88.2,626.3 176.9,520.0 328.6,448.8 373.9,359.3 177.3,323.9 106.0,244.0 132.0,143.0 194.6,288.0 391.8,323.8 454.0,154.3 597.0,136.5 661.6,190.7 613.7,198.6 525.7,171.9 453.8,386.7 580.4,367.5 543.1,440.1 382.5,439.7 436.3,626.9 629.6,714.8
fig_TRO-Fig15b	14	1000000	digitised from paper figure TRO-Fig15b (ydown figure; coordinates in .dat frame); see docs/notes/original_maps.md	92.5,621.8 178.3,518.2 332.0,445.5 374.7,357.5 177.3,321.1 106.7,240.0 133.8,141.4 195.4,285.5 392.7,321.9 455.1,152.5 597.2,134.0 660.8,187.9 612.2,195.4 526.3,170.1 455.2,384.6 580.4,366.0 544.6,438.2 383.9,437.6 437.5,625.3 622.1,709.3
